Cust_id,First_name,Last_name,Address
1990,Cyril,Pope,"069 Johns Views, Suite 178, 33154, Robelfurt, Hawaii, United States"
3734,Leilani,Villanueva,"761 Elwyn Fork, Apt. 603, 21677-6685, West Cydneyville, New York, United States"
7642,Alwin,Ford,"9365 Delphine Cove, Suite 724, 82625-4527, Toyfort, North Dakota, United States"
6646,Palmira,Hood,"84880 Kelton Cove, Apt. 588, 62581, Lake Kayleeside, Utah, United States"
5907,Penelope,Reeves,"38918 Jeremie Islands, Suite 576, 62642, Prosaccotown, New Hampshire, United States"
3499,Kris,Daniel,"339 Mohammed Way, Apt. 388, 66886-8476, East Magnolia, Idaho, United States"
3287,Helene,Dawson,"37078 Damon Mall, Suite 755, 95858-4810, North Elody, New Mexico, United States"
9008,Quinton,Jordan,"822 Donnelly Lakes, Apt. 015, 41817, Kassulketown, Washington, United States"
6591,Derrik,Shelton,"892 Rippin Lakes, Suite 019, 40605-2543, New Zionborough, Mississippi, United States"
5889,Octavia,Rocha,"2881 Schowalter Shores, Suite 042, 93414, Selinachester, Indiana, United States"
3582,Thane,Holmes,"5443 Jaylan Route, Suite 062, 06332-6329, Stefanburgh, Indiana, United States"
8799,Pierre,Murillo,"1584 Stanley Plaza, Suite 045, 83497-8434, North Lester, Washington, United States"
6736,Kane,Alvarez,"835 Hettinger Bypass, Apt. 924, 61396, Homenickchester, Kentucky, United States"
7669,Jamison,Brandt,"0341 Blanda Brooks, Apt. 249, 95541-6431, Port Rickmouth, Kansas, United States"
2413,Shelton,Pierre,"753 Botsford Brook, Apt. 309, 84931, Greenfelderborough, Wisconsin, United States"
