Product_id,UPC,Product_name,Description
45604,105676417,Dog Mask, Imported 
53203,971819969,Pokeno 2," American puzzles, 200 Poke no chips "
10901,742104168,Pandemic," As skilled members of a disease fighting team, you and the other Players work together to keep the World safe from outbreaks and epidemics "
81899,193594533,Quoridor, For 2-4 players and ages 8+ 
60103,515328361,Herschel, Magnetic closure 
31716,408002392,Snow Time, This very simple game is accessible for the family. Find your inner child by throwing yourself into a great battle of snowballs! 
70568,728900800,Crossfire, Return to the world of specter ops and rejoin the Dystopian struggle between raxxon and a.R.K. 
48051,734336823,7 Wonders, Imported 
44783,760416957,Riverboat, 2017 Meeples' Choice Award
17900,396078544,Mascarade, A game of bluffs and characters 
14439,812395241,Go Matria, Word games 
10677,965642890,Herbaceous, For 1-4 Players. Ages 8+ 
31690,176967158,Simon Game, Classic Simon gameplay 
56513,910139544,Space Base, Dice Game where players build their own chart of rewards 
61959,130638751,Ultra Dash, Move fast when the colors flash! 
70828,909250516,Yummy World, For 2-4 players. 20 minute playing time 
45810,953679124,Diamonsters, For ages 10 and up 
47742,743751818,Cosmic Eons, An expansion for the classic game cosmic encounter 
59406,181758163,Mystic Vale, Innovative card crafting system creates a game experience like you've never played before 
75763,422551438,HMS Dolores," ""Fast-paced gameplay is exciting and easy to learn "" "
75674,458279949,Tricorn Hat," 6"" high "
57144,852029842,Barbie Doll, You can be a soccer coach with the Barbie Soccer Coach playset! 
54125,284044444,Dragon Boat, Assembled Size 16''Lx7''Wx6.5''H 
15081,732173335,Specter Ops, 60 to 120 minutes 
41147,420240073,Pan Balance, Strong and durable pan balance 
63616,765595972,Party Bingo, Huntar 
12268,169883654,Crawl N Play, Patented Twist ʹ N Fold Technology allows for instant set‐up and easy storage 
71334,960932016,"Clank!, Base", For 2-4 Players 
73586,242955932,Chocolatiers, Scalable for two to six players. 
69924,438822527,Pirate Sword, Curved silver colored sword with bronze hilt and hand guard 
